Workbook
Name FID_1: [1]AGR_Fuels!$A$2

Sheet EB2
X1: Default Units | Y1: Currency | Z1: Activity | AA1: Emissions
D2: COA | E2: GAS | F2: OIL | G2: DSL | H2: KER | I2: LPG | J2: GSL | K2: NAP | L2: HFO | M2: OPP | N2: NUC | O2: BIO | P2: HYD | Q2: WIN | R2: SOL | S2: SLU | T2: HET | U2: ELC | V2: TOT | Y2: M€2005 | Z2: PJ | AA2: kt
C3: REG2 | D3: Solid Fuels | E3: Natural Gas | F3: Crude oil | G3: Diesel oil | H3: Kerosenes | I3: LPG | J3: Motor spirit | K3: Naphtha | L3: Heavy Fuel Oil | M3: Other Petroleum Products | N3: Nuclear Energy | O3: Biofuels | P3: Hydro power | Q3: Wind energy | R3: Solar energy | S3: Industrial Wastes | T3: Derived Heat | U3: Electricity | V3: Total
C4: FINAL
B5: RSD | C5: Residential | D5: ='[2]EB2'!D16 -> 124.79425 | E5: ='[2]EB2'!E16 -> 3095.8758 | F5: ='[2]EB2'!F16 -> 0 | G5: ='[2]EB2'!G16 -> 862.053 | H5: ='[2]EB2'!H16 -> 72.9495 | I5: ='[2]EB2'!I16 -> 190.176 | J5: ='[2]EB2'!J16 -> 3.168 | K5: ='[2]EB2'!K16 -> 0 | ... U5: ='[2]EB2'!U16 -> 1435.871 | V5: =SUM(D5:U5) -> 6582.4118
B6: COM | C6: Commercial | D6: ='[2]EB2'!D17 -> 19.92375 | E6: ='[2]EB2'!E17 -> 1051.038 | F6: ='[2]EB2'!F17 -> 0 | G6: ='[2]EB2'!G17 -> 368.844 | H6: ='[2]EB2'!H17 -> 1.677 | I6: ='[2]EB2'!I17 -> 31.602 | J6: ='[2]EB2'!J17 -> 5.72 | K6: ='[2]EB2'!K17 -> 0 | ... U6: ='[2]EB2'!U17 -> 1263.6955 | V6: =SUM(D6:U6) -> 2910.4938
B7: IND | C7: Industry | D7: ='[2]EB2'!D18 -> 663.9451 | E7: ='[2]EB2'!E18 -> 2662.2966 | F7: ='[2]EB2'!F18 -> 0 | G7: ='[2]EB2'!G18 -> 298.68 | H7: ='[2]EB2'!H18 -> 36.3565 | I7: ='[2]EB2'!I18 -> 142.9715 | J7: ='[2]EB2'!J18 -> 7.766 | K7: ='[2]EB2'!K18 -> 44.066 | ... U7: ='[2]EB2'!U18 -> 2044.222 | V7: =SUM(D7:U7) -> 6933.7324
B8: AGR | C8: Agriculture | D8: ='[2]EB2'!D19 -> 15.435 | E8: ='[2]EB2'!E19 -> 120.7236 | F8: ='[2]EB2'!F19 -> 0 | G8: ='[2]EB2'!G19 -> 366.588 | H8: ='[2]EB2'!H19 -> 0.473 | I8: ='[2]EB2'!I19 -> 16.169 | J8: ='[2]EB2'!J19 -> 1.716 | K8: ='[2]EB2'!K19 -> 0 | ... U8: ='[2]EB2'!U19 -> 9.693 | V8: =SUM(D8:U8) -> 568.0966
B9: TRA | C9: Transport | D9: ='[2]EB2'!D20 -> 0.1946 | E9: ='[2]EB2'!E20 -> 12.7494 | F9: ='[2]EB2'!F20 -> 0 | G9: ='[2]EB2'!G20 -> 3856.2855 | H9: ='[2]EB2'!H20 -> 1047.652 | I9: ='[2]EB2'!I20 -> 94.231 | J9: ='[2]EB2'!J20 -> 2394.216 | K9: ='[2]EB2'!K20 -> 0 | ... U9: ='[2]EB2'!U20 -> 132.986 | V9: =SUM(D9:U9) -> 7611.8045
B10: OTH | C10: Other | D10: ='[2]EB2'!D21 -> 416.23085 | E10: ='[2]EB2'!E21 -> 0 | F10: ='[2]EB2'!F21 -> 0 | G10: ='[2]EB2'!G21 -> 0 | H10: ='[2]EB2'!H21 -> 0 | I10: ='[2]EB2'!I21 -> 0 | J10: ='[2]EB2'!J21 -> 0 | K10: ='[2]EB2'!K21 -> 0 | ... U10: ='[2]EB2'!U21 -> 325 | V10: =SUM(D10:U10) -> 1054.7498
B11: NEN | C11: Non Energy | D11: ='[2]EB2'!D22 -> 18.35855 | E11: ='[2]EB2'!E22 -> 380.2938 | F11: ='[2]EB2'!F22 -> 0 | G11: ='[2]EB2'!G22 -> 76.465 | H11: ='[2]EB2'!H22 -> 4.7945 | I11: ='[2]EB2'!I22 -> 199.8735 | J11: ='[2]EB2'!J22 -> 3.146 | K11: ='[2]EB2'!K22 -> 899.206 | ... U11: ='[2]EB2'!U22 -> 0 | V11: =SUM(D11:U11) -> 2434.9064
B12: BNK | C12: Bunkers | D12: ='[2]EB2'!D23 -> 0 | E12: ='[2]EB2'!E23 -> 0 | F12: ='[2]EB2'!F23 -> 0 | G12: ='[2]EB2'!G23 -> 146.906 | H12: ='[2]EB2'!H23 -> 0 | I12: ='[2]EB2'!I23 -> 0 | J12: ='[2]EB2'!J23 -> 0 | K12: ='[2]EB2'!K23 -> 0 | ... U12: ='[2]EB2'!U23 -> 0 | V12: =SUM(D12:U12) -> 1055.546
B13: TFC | C13: Total Final Consumption | D13: =SUM(D5:D12) -> 1258.8821 | E13: =SUM(E5:E12) -> 7322.9772 | F13: =SUM(F5:F12) -> 0 | G13: =SUM(G5:G12) -> 5975.8215 | H13: =SUM(H5:H12) -> 1163.9025 | I13: =SUM(I5:I12) -> 675.023 | J13: =SUM(J5:J12) -> 2415.732 | K13: =SUM(K5:K12) -> 943.272 | ... O13: =SUM(O5:O12) -> 547.921 | S13: =SUM(S5:S12) -> 59.205 | T13: =SUM(T5:T12) -> 1198.163 | U13: =SUM(U5:U12) -> 5211.4675 | V13: =SUM(V5:V12) -> 29151.741
C16: Data used in the template to buld the model
B24: Sector | C24: Break-out by end-use | D24: Solid Fuels | E24: Natural Gas | F24: Crude oil | G24: Diesel oil | H24: Kerosenes | I24: LPG | J24: Motor spirit | K24: Naphtha | L24: Heavy Fuel Oil | M24: Other Petroleum Products | N24: Nuclear Energy | O24: Biomass | P24: Hydro power | Q24: Wind energy | R24: Solar energy | S24: Industrial Wastes | T24: Derived Heat | U24: Electricity | V24: Total
B25: TRA | C25: CAR | E25: 1 | G25: 0.9 | I25: 1 | J25: 1 | O25: 0.5 | U25: 0 | X25: Cars
B26: TRA | C26: PUB | E26: =1-E25 -> 0 | G26: =1-G25 -> 0.1 | I26: =1-I25 -> 0 | J26: =1-J25 -> 0 | O26: =1-O25 -> 0.5 | U26: =1-U25 -> 1 | X26: Pub
C29: CO2 | D29: Nox | E29: VOC
B30: Emission by sector | C30: Carbon dioxide | D30: NOX | E30: VOC
B31: TRA | C31: 1

Sheet RES_TRA
B3: Reference Energy System (from VEDA-FE Go-To RES feature)
D5: Transport Demand Sectors

Sheet Sector_Fuels_TRA
B1: Sector Name | C1: Commodity | D1: Description | E1: Deafult unit | F1: Currency | G1: Existing
B2: ='EB2'!B9 -> TRA | C2: ='EB2'!C9 -> Transport | D2: Sector Fuel | E2: ='EB2'!Z2 -> PJ | F2: ='EB2'!Y2 -> M€2005 | G2: E | J2: ~FI_Comm
J3: Csets | K3: Region | L3: CommName | M3: CommDesc | N3: Unit | O3: LimType | P3: CTSLvl | Q3: PeakTS | R3: Ctype
J4: *Commodity Set Membership | K4: Region Name | L4: Commodity Name | M4: Commodity Description | N4: Unit | O4: Sense of the Balance EQN. | P4: Timeslice Level | Q4: Peak Monitoring | R4: Electricity Indicator
J5: NRG | L5: =$B$2&'EB2'!$E$2 -> TRAGAS | M5: =$C$2&" "&'EB2'!$E$3 -> Transport Natural Gas | N5: =$E$2 -> PJ
L6: =$B$2&'EB2'!$G$2 -> TRADSL | M6: =$C$2&" "&'EB2'!$G$3 -> Transport Diesel oil | N6: =$E$2 -> PJ
L7: =$B$2&'EB2'!$I$2 -> TRALPG | M7: =$C$2&" "&'EB2'!$I$3 -> Transport LPG | N7: =$E$2 -> PJ
L8: =$B$2&'EB2'!$J$2 -> TRAGSL | M8: =$C$2&" "&'EB2'!$J$3 -> Transport Motor spirit | N8: =$E$2 -> PJ
L9: =$B$2&'EB2'!$O$2 -> TRABIO | M9: =$C$2&" "&'EB2'!$O$3 -> Transport Biofuels | N9: =$E$2 -> PJ
L10: =$B$2&'EB2'!$U$2 -> TRAELC | M10: =$C$2&" "&'EB2'!$U$3 -> Transport Electricity | N10: =$E$2 -> PJ | P10: DAYNITE | R10: ELC
D12: ~FI_T | J12: ~FI_Process
B13: TechName | C13: Comm-IN | D13: Comm-OUT | E13: Share-I~UP | F13: STOCK | G13: EFF | H13: LIFE | J13: Sets | K13: Region | L13: TechName | M13: TechDesc | N13: Tact | O13: Tcap | P13: Tslvl | Q13: PrimaryCG | R13: Vintage
B14: *Technology Name | C14: Input Commodity | D14: Output Commodity | E14: Input Share | F14: Existing Installed Capacity | G14: Efficiency | H14: Lifetime | J14: *Process Set Membership | K14: Region Name | L14: Technology Name | M14: Technology Description | N14: Activity Unit | O14: Capacity Unit | P14: TimeSlice level of Process Activity | Q14: Primary Commodity Group | R14: Vintage Tracking
B15: *Units | F15: =E2&"a" -> PJa | H15: Years | J15: *
B16: =L16 -> FTE-TRAGAS | C16: =RIGHT(D16,3) -> GAS | D16: =L5 -> TRAGAS | G16: 1 | H16: 50 | J16: PRE | L16: ="FT"&$G$2&"-"&L5 -> FTE-TRAGAS | M16: =$D$2&" Technology"&" "&$G$1&" "&M5 -> Sector Fuel Technology Existing Transport Natural Gas | N16: =$E$2 -> PJ | O16: =$E$2&"a" -> PJa
B17: =L17 -> FTE-TRADSL | C17: =RIGHT(D17,3) -> DSL | D17: =L6 -> TRADSL | G17: 1 | H17: 50 | L17: ="FT"&$G$2&"-"&L6 -> FTE-TRADSL | M17: =$D$2&" Technology"&" "&$G$1&" "&M6 -> Sector Fuel Technology Existing Transport Diesel oil | N17: =$E$2 -> PJ | O17: =$E$2&"a" -> PJa
B18: =L18 -> FTE-TRALPG | C18: =RIGHT(D18,3) -> LPG | D18: =L7 -> TRALPG | G18: 1 | H18: 50 | L18: ="FT"&$G$2&"-"&L7 -> FTE-TRALPG | M18: =$D$2&" Technology"&" "&$G$1&" "&M7 -> Sector Fuel Technology Existing Transport LPG | N18: =$E$2 -> PJ | O18: =$E$2&"a" -> PJa
B19: =L19 -> FTE-TRAGSL | C19: =RIGHT(D19,3) -> GSL | D19: =L8 -> TRAGSL | G19: 1 | H19: 50 | L19: ="FT"&$G$2&"-"&L8 -> FTE-TRAGSL | M19: =$D$2&" Technology"&" "&$G$1&" "&M8 -> Sector Fuel Technology Existing Transport Motor spirit | N19: =$E$2 -> PJ | O19: =$E$2&"a" -> PJa
B20: =L20 -> FTE-TRABIO | C20: =RIGHT(D20,3) -> BIO | D20: =L9 -> TRABIO | G20: 1 | H20: 50 | L20: ="FT"&$G$2&"-"&L9 -> FTE-TRABIO | M20: =$D$2&" Technology"&" "&$G$1&" "&M9 -> Sector Fuel Technology Existing Transport Biofuels | N20: =$E$2 -> PJ | O20: =$E$2&"a" -> PJa
B21: =L21 -> FTE-TRAELC | C21: =RIGHT(D21,3) -> ELC | D21: =L10 -> TRAELC | G21: 1 | H21: 50 | L21: ="FT"&$G$2&"-"&L10 -> FTE-TRAELC | M21: =$D$2&" Technology"&" "&$G$1&" "&M10 -> Sector Fuel Technology Existing Transport Electricity | N21: =$E$2 -> PJ | O21: =$E$2&"a" -> PJa | P21: DAYNITE
C35: User inputs
C36: Linked to the Energy Balance

Sheet DemTechs_TRA
B1: Sector Name | C1: Description | D1: Type | E1: Default Unit | F1: Currency Unit | G1: Capacity | H1: Existing
B2: ='EB2'!B9 -> TRA | C2: ='EB2'!C9 -> Transport | D2: Demand Technologies | E2: ='EB2'!Z2 -> PJ | F2: ='EB2'!Y2 -> M€2005 | G2: 000_Units | H2: E | O2: ~FI_Comm
O3: Csets | P3: Region | Q3: CommName | R3: CommDesc | S3: Unit | T3: LimType | U3: CTSLvl | V3: PeakTS | W3: Ctype
O4: *Commodity Set Membership | P4: Region Name | Q4: Commodity Name | R4: Commodity Description | S4: Unit | T4: Sense of the Balance EQN. | U4: Timeslice Level | V4: Peak Monitoring | W4: Electricity Indicator
O5: DEM | Q5: =LEFT($O$5,1)&LEFT($B$2,1)&'EB2'!$C$25 -> DTCAR | R5: =LEFT($D$2,6)&" "&$C$2&" Sector - "&'EB2'!$X$25 -> Demand Transport Sector - Cars | S5: BPkm
Q6: =LEFT($O$5,1)&LEFT($B$2,1)&'EB2'!$C$26 -> DTPUB | R6: =LEFT($D$2,6)&" "&$C$2&" Sector - "&'EB2'!$X$26 -> Demand Transport Sector - Pub | S6: BPkm
O7: ENV | Q7: =$B$2&'EB2'!$C$29 -> TRACO2 | R7: =$C$2&" "&'EB2'!$C$30 -> Transport Carbon dioxide | S7: ='EB2'!$AA$2 -> kt
D9: ~FI_T | O9: ~FI_Process
B10: TechName | C10: Comm-IN | D10: Comm-OUT | E10: STOCK | F10: EFF | G10: AFA | H10: ACTFLO~DEMO | I10: FIXOM | J10: LIFE | K10: CAP2ACT | M10: CALIBRATION | O10: Sets | P10: Region | Q10: TechName | R10: TechDesc | S10: Tact | T10: Tcap | U10: Tslvl | V10: PrimaryCG | W10: Vintage
B11: *Technology Name | C11: Input Commodity | D11: Output Commodity | E11: Existing Installed Capacity | F11: Efficiency | G11: Utilisation Factor | H11: Activity to Flo | I11: Fixed O&M Cost | J11: Lifetime | K11: Capacity to Activity Factor | M11: Demand | O11: *Process Set Membership | P11: Region Name | Q11: Technology Name | R11: Technology Description | S11: Activity Unit | T11: Capacity Unit | U11: TimeSlice level of Process Activity | V11: Primary Commodity Group | W11: Vintage Tracking
B12: *Units | E12: =G2 -> 000_Units | F12: BV*km/PJ | G12: '000 km | H12: Passenger/Car | I12: =$F$2&"/"&G2&"a" -> M€2005/000_Unitsa | J12: Years | K12: bvkm/mvkm | M12: BPass*km | O12: *
B13: =Q13 -> TCAREGAS | C13: =$B$2&RIGHT(B13,3) -> TRAGAS | D13: =$Q$5 -> DTCAR | E13: =('EB2'!E$9*'EB2'!$E$25*F13/(K13*G13))*1.01 -> 349.51569 | F13: 0.38 | G13: 14 | H13: 1.25 | I13: 0.16 | J13: 10 | K13: 0.001 | M13: =E13*G13*K13*H13 -> 6.1165246 | O13: DMD | Q13: =LEFT($B$2)&'EB2'!$C$25&$H$2&'EB2'!$E$2 -> TCAREGAS | R13: =$D$2&" "&$C$2&" Sector - "&""&$H$1&" "&'EB2'!$X$25&" - "&'EB2'!$E$3 -> Demand Technologies Transport Sector - Existing Cars - Natural Gas | S13: BPkm | T13: =$G$2 -> 000_Units | V13: DEMO
B14: =Q14 -> TCAREDSL | C14: =$B$2&RIGHT(B14,3) -> TRADSL | D14: =$Q$5 -> DTCAR | E14: =('EB2'!G$9*'EB2'!$G$25*F14/(K14*G14))*1.01 -> 87102.972 | F14: 0.41 | G14: 16.5 | H14: 1.25 | I14: 0.16 | J14: 10 | K14: 0.001 | M14: =E14*G14*K14*H14 -> 1796.4988 | Q14: =LEFT($B$2)&'EB2'!$C$25&$H$2&'EB2'!$G$2 -> TCAREDSL | R14: =$D$2&" "&$C$2&" Sector - "&""&$H$1&" "&'EB2'!$X$25&" - "&'EB2'!$G$3 -> Demand Technologies Transport Sector - Existing Cars - Diesel oil | S14: BPkm | T14: =$G$2 -> 000_Units | V14: DEMO
B15: =Q15 -> TCARELPG | C15: =$B$2&RIGHT(B15,3) -> TRALPG | D15: =$Q$5 -> DTCAR | E15: =('EB2'!I$9*'EB2'!$I$25*F15/(K15*G15))*1.01 -> 2583.2756 | F15: 0.38 | G15: 14 | H15: 1.25 | I15: 0.16 | J15: 10 | K15: 0.001 | M15: =E15*G15*K15*H15 -> 45.207322 | Q15: =LEFT($B$2)&'EB2'!$C$25&$H$2&'EB2'!$I$2 -> TCARELPG | R15: =$D$2&" "&$C$2&" Sector - "&""&$H$1&" "&'EB2'!$X$25&" - "&'EB2'!$I$3 -> Demand Technologies Transport Sector - Existing Cars - LPG | S15: BPkm | T15: =$G$2 -> 000_Units | V15: DEMO
B16: =Q16 -> TCAREGSL | C16: =$B$2&RIGHT(B16,3) -> TRAGSL | D16: =$Q$5 -> DTCAR | E16: =('EB2'!J$9*'EB2'!$J$25*F16/(K16*G16))*1.01 -> 84109.849 | F16: 0.4 | G16: 11.5 | H16: 1.25 | I16: 0.15 | J16: 10 | K16: 0.001 | M16: =E16*G16*K16*H16 -> 1209.0791 | Q16: =LEFT($B$2)&'EB2'!$C$25&$H$2&'EB2'!$J$2 -> TCAREGSL | R16: =$D$2&" "&$C$2&" Sector - "&""&$H$1&" "&'EB2'!$X$25&" - "&'EB2'!$J$3 -> Demand Technologies Transport Sector - Existing Cars - Motor spirit | S16: BPkm | T16: =$G$2 -> 000_Units | V16: DEMO
B17: =Q17 -> TCAREBIO | C17: =$B$2&RIGHT(B17,3) -> TRABIO | D17: =$Q$5 -> DTCAR | E17: =('EB2'!O$9*'EB2'!$O$25*F17/(K17*G17))*1.01 -> 707 | F17: 0.4 | G17: 11.5 | H17: 1.25 | I17: 0.15 | J17: 10 | K17: 0.001 | M17: =E17*G17*K17*H17 -> 10.163125 | Q17: =LEFT($B$2)&'EB2'!$C$25&$H$2&'EB2'!$O$2 -> TCAREBIO | R17: =$D$2&" "&$C$2&" Sector - "&""&$H$1&" "&'EB2'!$X$25&" - "&'EB2'!$O$3 -> Demand Technologies Transport Sector - Existing Cars - Biofuels | S17: BPkm | T17: =$G$2 -> 000_Units | V17: DEMO
B18: =Q18 -> TCAREELC | C18: =$B$2&RIGHT(B18,3) -> TRAELC | D18: =$Q$5 -> DTCAR | E18: =('EB2'!U$9*'EB2'!$U$25*F18/(K18*G18))*1.01 -> 0 | F18: 0.4 | G18: 11.5 | H18: 1.25 | I18: 0.15 | J18: 10 | K18: 0.001 | M18: =E18*G18*K18*H18 -> 0 | Q18: =LEFT($B$2)&'EB2'!$C$25&$H$2&'EB2'!$U$2 -> TCAREELC | R18: =$D$2&" "&$C$2&" Sector - "&""&$H$1&" "&'EB2'!$X$25&" - "&'EB2'!$U$3 -> Demand Technologies Transport Sector - Existing Cars - Electricity | S18: BPkm | T18: =$G$2 -> 000_Units | V18: DEMO
B19: =Q19 -> TPUBEGAS | C19: =$B$2&RIGHT(B19,3) -> TRAGAS | D19: =$Q$6 -> DTPUB | E19: =('EB2'!E$9*'EB2'!$E$26*F19/(K19*G19))*1.01 -> 0 | F19: 0.1 | G19: 50 | H19: 15 | I19: 0.24 | J19: 30 | K19: 0.001 | M19: =E19*G19*K19*H19 -> 0 | Q19: =LEFT($B$2)&'EB2'!$C$26&$H$2&'EB2'!$E$2 -> TPUBEGAS | R19: =$D$2&" "&$C$2&" Sector - "&""&$H$1&" "&'EB2'!$X$26&" - "&'EB2'!$E$3 -> Demand Technologies Transport Sector - Existing Pub - Natural Gas | S19: BPkm | T19: =$G$2 -> 000_Units | V19: DEMO
B20: =Q20 -> TPUBEDSL | C20: =$B$2&RIGHT(B20,3) -> TRADSL | D20: =$Q$6 -> DTPUB | E20: =('EB2'!G$9*'EB2'!$G$26*F20/(K20*G20))*1.01 -> 1168.4545 | F20: 0.15 | G20: 50 | H20: 15 | I20: 0.24 | J20: 30 | K20: 0.001 | M20: =E20*G20*K20*H20 -> 876.34088 | Q20: =LEFT($B$2)&'EB2'!$C$26&$H$2&'EB2'!$G$2 -> TPUBEDSL | R20: =$D$2&" "&$C$2&" Sector - "&""&$H$1&" "&'EB2'!$X$26&" - "&'EB2'!$G$3 -> Demand Technologies Transport Sector - Existing Pub - Diesel oil | S20: BPkm | T20: =$G$2 -> 000_Units | V20: DEMO
B21: =Q21 -> TPUBELPG | C21: =$B$2&RIGHT(B21,3) -> TRALPG | D21: =$Q$6 -> DTPUB | E21: =('EB2'!I$9*'EB2'!$I$26*F21/(K21*G21))*1.01 -> 0 | F21: 0.1 | G21: 50 | H21: 15 | I21: 0.24 | J21: 30 | K21: 0.001 | M21: =E21*G21*K21*H21 -> 0 | Q21: =LEFT($B$2)&'EB2'!$C$26&$H$2&'EB2'!$I$2 -> TPUBELPG | R21: =$D$2&" "&$C$2&" Sector - "&""&$H$1&" "&'EB2'!$X$26&" - "&'EB2'!$I$3 -> Demand Technologies Transport Sector - Existing Pub - LPG | S21: BPkm | T21: =$G$2 -> 000_Units | V21: DEMO
B22: =Q22 -> TPUBEGSL | C22: =$B$2&RIGHT(B22,3) -> TRAGSL | D22: =$Q$6 -> DTPUB | E22: =('EB2'!J$9*'EB2'!$J$26*F22/(K22*G22))*1.01 -> 0 | F22: 0.15 | G22: 20 | H22: 15 | I22: 0.225 | J22: 30 | K22: 0.001 | M22: =E22*G22*K22*H22 -> 0 | Q22: =LEFT($B$2)&'EB2'!$C$26&$H$2&'EB2'!$J$2 -> TPUBEGSL | R22: =$D$2&" "&$C$2&" Sector - "&""&$H$1&" "&'EB2'!$X$26&" - "&'EB2'!$J$3 -> Demand Technologies Transport Sector - Existing Pub - Motor spirit | S22: BPkm | T22: =$G$2 -> 000_Units | V22: DEMO
B23: =Q23 -> TPUBEBIO | C23: =$B$2&RIGHT(B23,3) -> TRABIO | D23: =$Q$6 -> DTPUB | E23: =('EB2'!O$9*'EB2'!$O$26*F23/(K23*G23))*1.01 -> 152.44688 | F23: 0.15 | G23: 20 | H23: 15 | I23: 0.225 | J23: 30 | K23: 0.001 | M23: =E23*G23*K23*H23 -> 45.734063 | Q23: =LEFT($B$2)&'EB2'!$C$26&$H$2&'EB2'!$O$2 -> TPUBEBIO | R23: =$D$2&" "&$C$2&" Sector - "&""&$H$1&" "&'EB2'!$X$26&" - "&'EB2'!$O$3 -> Demand Technologies Transport Sector - Existing Pub - Biofuels | S23: BPkm | T23: =$G$2 -> 000_Units | V23: DEMO
B24: =Q24 -> TPUBEELC | C24: =$B$2&RIGHT(B24,3) -> TRAELC | D24: =$Q$6 -> DTPUB | E24: =('EB2'!U$9*'EB2'!$U$26*F24/(K24*G24))*1.01 -> 40.294758 | F24: 0.03 | G24: 100 | H24: 200 | I24: 0.225 | J24: 30 | K24: 0.001 | M24: =E24*G24*K24*H24 -> 805.89516 | Q24: =LEFT($B$2)&'EB2'!$C$26&$H$2&'EB2'!$U$2 -> TPUBEELC | R24: =$D$2&" "&$C$2&" Sector - "&""&$H$1&" "&'EB2'!$X$26&" - "&'EB2'!$U$3 -> Demand Technologies Transport Sector - Existing Pub - Electricity | S24: BPkm | T24: =$G$2 -> 000_Units | V24: DEMO
C27: User inputs
C28: Linked to the Energy Balance

Sheet Demands
B1: Sector Name | C1: Commodity | D1: Description | E1: Default Unit | G1: Currency Unit
B2: DEM | E2: =DemTechs_TRA!S5 -> BPkm | G2: ='EB2'!Y2 -> M€2005
C5: ~FI_T | I5: ~FI_T
B6: Attribute | C6: CommName | D6: *Unit | E6: 2005 | G6: Attribute | H6: CommName | I6: Timeslices | J6: 2005
B7: * | C7: Demand Commodity Name | D7: Demand Unit | E7: Demand Value | G7: * | H7: Demand Commodity Name
B8: *Units | E8: =E2 -> BPkm | G8: *Units
B9: Demand | C9: =DemTechs_TRA!$Q$5 -> DTCAR | D9: Bpass*km | E9: =SUM(DemTechs_TRA!M13:M18) -> 3067.0649 | G9: COM_FR | H9: =DemTechs_TRA!$Q$5 -> DTCAR | I9: SD | J9: 0.25
B10: Demand | C10: =DemTechs_TRA!$Q$6 -> DTPUB | D10: Bpass*km | E10: =SUM(DemTechs_TRA!M19:M24) -> 1727.9701 | G10: COM_FR | H10: =DemTechs_TRA!$Q$5 -> DTCAR | I10: SN | J10: 0.25
G11: COM_FR | H11: =DemTechs_TRA!$Q$5 -> DTCAR | I11: WD | J11: 0.25
G12: COM_FR | H12: =DemTechs_TRA!$Q$5 -> DTCAR | I12: WN | J12: 0.25
G13: COM_FR | H13: =DemTechs_TRA!$Q$6 -> DTPUB | I13: SD | J13: 0.25
G14: COM_FR | H14: =DemTechs_TRA!$Q$6 -> DTPUB | I14: SN | J14: 0.25
G15: COM_FR | H15: =DemTechs_TRA!$Q$6 -> DTPUB | I15: WD | J15: 0.25
G16: COM_FR | H16: =DemTechs_TRA!$Q$6 -> DTPUB | I16: WN | J16: 0.25
X17: sadfads
C23: User inputs
C24: Linked to the Energy Balance

Sheet Emi
B3: Dynamic coefficients for combustion emissions in transport
B5: ~COMEMI
B6: CommName | C6: =Sector_Fuels_TRA!L5 -> TRAGAS | D6: =Sector_Fuels_TRA!L6 -> TRADSL | E6: =Sector_Fuels_TRA!L7 -> TRALPG | F6: =Sector_Fuels_TRA!L8 -> TRAGSL
B7: *Units | C7: kt/PJ | D7: kt/PJ | E7: kt/PJ | F7: kt/PJ
B8: =DemTechs_TRA!Q7 -> TRACO2 | C8: 56.1 | D8: 75 | E8: 64 | F8: 73
C23: User inputs
C24: Linked to the Energy Balance
